{
  "model_name": "gcn",
  "model_params": {
    "in_channels": 16,
    "hidden_channels": 64,
    "out_channels": 2,
    "num_layers": 2,
    "dropout": 0.5
  },
  "timestamp": 1777039550.562871,
  "device": "cpu",
  "random_seed": 42,
  "total_nodes": 200,
  "total_edges": 500,
  "train_nodes": 140,
  "val_nodes": 30,
  "test_nodes": 30,
  "train_time": 0.020958900451660156,
  "epochs_trained": 11,
  "best_epoch": 0,
  "train_losses": [
    0.7795640826225281,
    0.6944352388381958,
    0.6847461462020874,
    0.6766376495361328,
    0.6389415264129639,
    0.6341619491577148,
    0.6081159710884094,
    0.6349802017211914,
    0.5854625105857849,
    0.564444899559021,
    0.5966482758522034
  ],
  "val_losses": [
    0.7210337519645691,
    0.7268382906913757,
    0.7382058501243591,
    0.7419215440750122,
    0.7417900562286377,
    0.7428230047225952,
    0.7456055283546448,
    0.7482767105102539,
    0.7516326904296875,
    0.7564495205879211,
    0.7599534392356873
  ],
  "metrics": {
    "accuracy": 0.5333333333333333,
    "precision": 0.5422222222222222,
    "recall": 0.5333333333333333,
    "f1": 0.5354166666666667,
    "auc": 0.5203619909502262
  },
  "peak_memory_mb": 417.78125,
  "gpu_memory_mb": null,
  "convergence_epoch": 0,
  "notes": null
}